<?xml version="1.0" encoding="UTF-8"?>
<project-private xmlns="http://www.netbeans.org/ns/project-private/1">
    <editor-bookmarks xmlns="http://www.netbeans.org/ns/editor-bookmarks/2" lastBookmarkId="0"/>
    <open-files xmlns="http://www.netbeans.org/ns/projectui-open-files/2">
        <group>
            <file>file:/Users/shahadaleissa/VRC/Project/src/project/FAQFrame.java</file>
            <file>file:/Users/shahadaleissa/VRC/Project/src/project/ForgotPassword.java</file>
            <file>file:/Users/shahadaleissa/VRC/Project/src/project/SignIn.java</file>
            <file>file:/Users/shahadaleissa/VRC/Project/src/project/UserSignUp.java</file>
            <file>file:/Users/shahadaleissa/VRC/Project/src/project/AdminPage.java</file>
            <file>file:/Users/shahadaleissa/VRC/Project/src/project/Project.java</file>
        </group>
    </open-files>
</project-private>
